metric,analysis_view,fdr_scope,edge_id,roi_i,roi_j,edge_label,mean,plot_value,q_fdr,p_signflip,direction,hemisphere_relation
mutual_info_quantile,all_subjects_block_pool,pool=ALL_SUBJECTS_BLOCKS;gvs=ANY_GVS,37,Amygdala_R,Caudate_L,Amygdala_R--Caudate_L,-0.0244732523846218,0.0244732523846218,0.0471596003379969,0.0103979204159168,Decrement,Between hemispheres
mutual_info_quantile,all_subjects_block_pool,pool=ALL_SUBJECTS_BLOCKS;gvs=ANY_GVS,700,Temporal_R,Thalamus_L,Temporal_R--Thalamus_L,-0.0264635299114709,0.0264635299114709,0.0376178285469666,0.0075984803039392,Decrement,Between hemispheres
mutual_info_quantile,all_subjects_block_pool,pool=ALL_SUBJECTS_BLOCKS;gvs=ANY_GVS,433,Occipital_L,ParaHippocampal_R,Occipital_L--ParaHippocampal_R,-0.0274016337259295,0.0274016337259295,0.045616042354443,0.0097980403919216,Decrement,Between hemispheres
mutual_info_quantile,all_subjects_block_pool,pool=ALL_SUBJECTS_BLOCKS;gvs=ANY_GVS,593,Paracentral_Lobule_L,Supp_Motor_Area_R,Paracentral_Lobule_L--Supp_Motor_Area_R,-0.0282021711234606,0.0282021711234606,0.0376178285469666,0.0075984803039392,Decrement,Between hemispheres
mutual_info_quantile,all_subjects_block_pool,pool=ALL_SUBJECTS_BLOCKS;gvs=ANY_GVS,233,Cingulate_L,Supp_Motor_Area_R,Cingulate_L--Supp_Motor_Area_R,-0.0285670129310015,0.0285670129310015,0.0436912617476504,0.0091981603679264,Decrement,Between hemispheres
mutual_info_quantile,all_subjects_block_pool,pool=ALL_SUBJECTS_BLOCKS;gvs=ANY_GVS,223,Cingulate_L,Paracentral_Lobule_R,Cingulate_L--Paracentral_Lobule_R,-0.0287472533618353,0.0287472533618353,0.0304222737542043,0.0057988402319536,Decrement,Between hemispheres
mutual_info_quantile,all_subjects_block_pool,pool=ALL_SUBJECTS_BLOCKS;gvs=ANY_GVS,608,Paracentral_Lobule_R,Temporal_L,Paracentral_Lobule_R--Temporal_L,-0.0289492451037672,0.0289492451037672,0.025865226954609,0.0045990801839632,Decrement,Between hemispheres
mutual_info_quantile,all_subjects_block_pool,pool=ALL_SUBJECTS_BLOCKS;gvs=ANY_GVS,374,Fusiform_R,Temporal_L,Fusiform_R--Temporal_L,-0.0299237357953948,0.0299237357953948,0.0272426134928053,0.00499900019996,Decrement,Between hemispheres
mutual_info_quantile,all_subjects_block_pool,pool=ALL_SUBJECTS_BLOCKS;gvs=ANY_GVS,195,Cerebellum_R,Postcentral_L,Cerebellum_R--Postcentral_L,-0.0304193853451218,0.0304193853451218,0.0156190984025417,0.0023995200959808,Decrement,Between hemispheres
mutual_info_quantile,all_subjects_block_pool,pool=ALL_SUBJECTS_BLOCKS;gvs=ANY_GVS,193,Cerebellum_R,Parietal_L,Cerebellum_R--Parietal_L,-0.0304570683149922,0.0304570683149922,0.0103579284143171,0.0013997200559888,Decrement,Between hemispheres
mutual_info_quantile,all_subjects_block_pool,pool=ALL_SUBJECTS_BLOCKS;gvs=ANY_GVS,22,Amygdala_L,Paracentral_Lobule_R,Amygdala_L--Paracentral_Lobule_R,-0.0306546030125482,0.0306546030125482,0.0230445714135861,0.003999200159968,Decrement,Between hemispheres
mutual_info_quantile,all_subjects_block_pool,pool=ALL_SUBJECTS_BLOCKS;gvs=ANY_GVS,238,Cingulate_R,Frontal_L,Cingulate_R--Frontal_L,-0.0309195009826119,0.0309195009826119,0.0393208071672378,0.007998400319936,Decrement,Between hemispheres
mutual_info_quantile,all_subjects_block_pool,pool=ALL_SUBJECTS_BLOCKS;gvs=ANY_GVS,181,Cerebellum_R,Hippocampus_L,Cerebellum_R--Hippocampus_L,-0.0311765002975672,0.0311765002975672,0.020424974834093,0.0033993201359728,Decrement,Between hemispheres
mutual_info_quantile,all_subjects_block_pool,pool=ALL_SUBJECTS_BLOCKS;gvs=ANY_GVS,276,Frontal_L,Olfactory_R,Frontal_L--Olfactory_R,-0.0313900852693535,0.0313900852693535,0.0139180084775124,0.001999600079984,Decrement,Between hemispheres
mutual_info_quantile,all_subjects_block_pool,pool=ALL_SUBJECTS_BLOCKS;gvs=ANY_GVS,364,Fusiform_R,Parietal_L,Fusiform_R--Parietal_L,-0.0315555866868738,0.0315555866868738,0.0193892256031552,0.0031993601279744,Decrement,Between hemispheres
mutual_info_quantile,all_subjects_block_pool,pool=ALL_SUBJECTS_BLOCKS;gvs=ANY_GVS,189,Cerebellum_R,ParaHippocampal_L,Cerebellum_R--ParaHippocampal_L,-0.0332315865966918,0.0332315865966918,0.0092684759751346,0.0011997600479904,Decrement,Between hemispheres
mutual_info_quantile,all_subjects_block_pool,pool=ALL_SUBJECTS_BLOCKS;gvs=ANY_GVS,152,Cerebellum_L,Occipital_R,Cerebellum_L--Occipital_R,-0.0337931886702126,0.0337931886702126,0.0085714564404192,0.000999800039992,Decrement,Between hemispheres
mutual_info_quantile,all_subjects_block_pool,pool=ALL_SUBJECTS_BLOCKS;gvs=ANY_GVS,325,Fusiform_L,Fusiform_R,Fusiform_L--Fusiform_R,-0.0339842064430023,0.0339842064430023,0.0193892256031552,0.0031993601279744,Decrement,Between hemispheres
mutual_info_quantile,all_subjects_block_pool,pool=ALL_SUBJECTS_BLOCKS;gvs=ANY_GVS,229,Cingulate_L,Precentral_R,Cingulate_L--Precentral_R,-0.0341524325115401,0.0341524325115401,0.0115935575771443,0.0015996800639872,Decrement,Between hemispheres
mutual_info_quantile,all_subjects_block_pool,pool=ALL_SUBJECTS_BLOCKS;gvs=ANY_GVS,187,Cerebellum_R,Orbitofrontal_L,Cerebellum_R--Orbitofrontal_L,-0.0347999927360513,0.0347999927360513,0.0072088146473269,0.0007998400319936,Decrement,Between hemispheres
mutual_info_quantile,all_subjects_block_pool,pool=ALL_SUBJECTS_BLOCKS;gvs=ANY_GVS,564,ParaHippocampal_L,Temporal_R,ParaHippocampal_L--Temporal_R,-0.0353783960569524,0.0353783960569524,0.0072088146473269,0.0007998400319936,Decrement,Between hemispheres
mutual_info_quantile,all_subjects_block_pool,pool=ALL_SUBJECTS_BLOCKS;gvs=ANY_GVS,558,ParaHippocampal_L,Precentral_R,ParaHippocampal_L--Precentral_R,-0.0354290499386955,0.0354290499386955,0.0156190984025417,0.0023995200959808,Decrement,Between hemispheres
mutual_info_quantile,all_subjects_block_pool,pool=ALL_SUBJECTS_BLOCKS;gvs=ANY_GVS,177,Cerebellum_R,Frontal_L,Cerebellum_R--Frontal_L,-0.0354727205410256,0.0354727205410256,0.0103579284143171,0.0013997200559888,Decrement,Between hemispheres
mutual_info_quantile,all_subjects_block_pool,pool=ALL_SUBJECTS_BLOCKS;gvs=ANY_GVS,554,ParaHippocampal_L,Parietal_R,ParaHippocampal_L--Parietal_R,-0.0357307162561107,0.0357307162561107,0.005622875424915,0.0005998800239952,Decrement,Between hemispheres
mutual_info_quantile,all_subjects_block_pool,pool=ALL_SUBJECTS_BLOCKS;gvs=ANY_GVS,380,Hippocampus_L,Occipital_R,Hippocampus_L--Occipital_R,-0.0360026263356649,0.0360026263356649,0.0092684759751346,0.0011997600479904,Decrement,Between hemispheres
mutual_info_quantile,all_subjects_block_pool,pool=ALL_SUBJECTS_BLOCKS;gvs=ANY_GVS,482,Olfactory_L,Postcentral_R,Olfactory_L--Postcentral_R,-0.0360104941836071,0.0360104941836071,0.0210857828434313,0.0035992801439712,Decrement,Between hemispheres
mutual_info_quantile,all_subjects_block_pool,pool=ALL_SUBJECTS_BLOCKS;gvs=ANY_GVS,12,Amygdala_L,Hippocampus_R,Amygdala_L--Hippocampus_R,-0.0367066548167405,0.0367066548167405,0.0043252887883961,0.0003999200159968,Decrement,Between hemispheres
mutual_info_quantile,all_subjects_block_pool,pool=ALL_SUBJECTS_BLOCKS;gvs=ANY_GVS,280,Frontal_L,ParaHippocampal_R,Frontal_L--ParaHippocampal_R,-0.0373586004864378,0.0373586004864378,0.005622875424915,0.0005998800239952,Decrement,Between hemispheres
mutual_info_quantile,all_subjects_block_pool,pool=ALL_SUBJECTS_BLOCKS;gvs=ANY_GVS,645,Postcentral_L,Temporal_R,Postcentral_L--Temporal_R,-0.0375745993909252,0.0375745993909252,0.0043252887883961,0.0003999200159968,Decrement,Between hemispheres
mutual_info_quantile,all_subjects_block_pool,pool=ALL_SUBJECTS_BLOCKS;gvs=ANY_GVS,650,Postcentral_R,Putamen_L,Postcentral_R--Putamen_L,-0.0378283928144424,0.0378283928144424,0.0085714564404192,0.000999800039992,Decrement,Between hemispheres
mutual_info_quantile,all_subjects_block_pool,pool=ALL_SUBJECTS_BLOCKS;gvs=ANY_GVS,262,Cingulate_R,Supp_Motor_Area_L,Cingulate_R--Supp_Motor_Area_L,-0.0379561873329308,0.0379561873329308,0.0085714564404192,0.000999800039992,Decrement,Between hemispheres
mutual_info_quantile,all_subjects_block_pool,pool=ALL_SUBJECTS_BLOCKS;gvs=ANY_GVS,388,Hippocampus_L,Paracentral_Lobule_R,Hippocampus_L--Paracentral_Lobule_R,-0.0380434159528142,0.0380434159528142,0.0092684759751346,0.0011997600479904,Decrement,Between hemispheres
mutual_info_quantile,all_subjects_block_pool,pool=ALL_SUBJECTS_BLOCKS;gvs=ANY_GVS,36,Amygdala_L,Thalamus_R,Amygdala_L--Thalamus_R,-0.0386892574458292,0.0386892574458292,0.0024661734319802,0.0001999600079984,Decrement,Between hemispheres
mutual_info_quantile,all_subjects_block_pool,pool=ALL_SUBJECTS_BLOCKS;gvs=ANY_GVS,172,Cerebellum_L,Temporal_R,Cerebellum_L--Temporal_R,-0.0408177602236989,0.0408177602236989,0.0024661734319802,0.0001999600079984,Decrement,Between hemispheres
mutual_info_quantile,all_subjects_block_pool,pool=ALL_SUBJECTS_BLOCKS;gvs=ANY_GVS,85,Caudate_L,Occipital_R,Caudate_L--Occipital_R,-0.0409944713296555,0.0409944713296555,0.0043252887883961,0.0003999200159968,Decrement,Between hemispheres
mutual_info_quantile,all_subjects_block_pool,pool=ALL_SUBJECTS_BLOCKS;gvs=ANY_GVS,34,Amygdala_L,Temporal_R,Amygdala_L--Temporal_R,-0.0411279249579542,0.0411279249579542,0.005622875424915,0.0005998800239952,Decrement,Between hemispheres
mutual_info_quantile,all_subjects_block_pool,pool=ALL_SUBJECTS_BLOCKS;gvs=ANY_GVS,246,Cingulate_R,Olfactory_L,Cingulate_R--Olfactory_L,-0.0411424532167527,0.0411424532167527,0.0024661734319802,0.0001999600079984,Decrement,Between hemispheres
mutual_info_quantile,all_subjects_block_pool,pool=ALL_SUBJECTS_BLOCKS;gvs=ANY_GVS,666,Precentral_L,Thalamus_R,Precentral_L--Thalamus_R,-0.0413408120924177,0.0413408120924177,0.005622875424915,0.0005998800239952,Decrement,Between hemispheres
mutual_info_quantile,all_subjects_block_pool,pool=ALL_SUBJECTS_BLOCKS;gvs=ANY_GVS,118,Caudate_R,Occipital_L,Caudate_R--Occipital_L,-0.042064350268058,0.042064350268058,0.005622875424915,0.0005998800239952,Decrement,Between hemispheres
mutual_info_quantile,all_subjects_block_pool,pool=ALL_SUBJECTS_BLOCKS;gvs=ANY_GVS,370,Fusiform_R,Putamen_L,Fusiform_R--Putamen_L,-0.0429935378283822,0.0429935378283822,0.0043252887883961,0.0003999200159968,Decrement,Between hemispheres
mutual_info_quantile,all_subjects_block_pool,pool=ALL_SUBJECTS_BLOCKS;gvs=ANY_GVS,199,Cerebellum_R,Putamen_L,Cerebellum_R--Putamen_L,-0.0430150801737596,0.0430150801737596,0.0024661734319802,0.0001999600079984,Decrement,Between hemispheres
mutual_info_quantile,all_subjects_block_pool,pool=ALL_SUBJECTS_BLOCKS;gvs=ANY_GVS,307,Frontal_R,ParaHippocampal_L,Frontal_R--ParaHippocampal_L,-0.0452637818027285,0.0452637818027285,0.0024661734319802,0.0001999600079984,Decrement,Between hemispheres
mutual_info_quantile,all_subjects_block_pool,pool=ALL_SUBJECTS_BLOCKS;gvs=ANY_GVS,142,Cerebellum_L,Cerebellum_R,Cerebellum_L--Cerebellum_R,-0.0453870130051864,0.0453870130051864,0.0024661734319802,0.0001999600079984,Decrement,Between hemispheres
mutual_info_quantile,all_subjects_block_pool,pool=ALL_SUBJECTS_BLOCKS;gvs=ANY_GVS,170,Cerebellum_L,Supp_Motor_Area_R,Cerebellum_L--Supp_Motor_Area_R,-0.0460661615422773,0.0460661615422773,0.0024661734319802,0.0001999600079984,Decrement,Between hemispheres
mutual_info_quantile,all_subjects_block_pool,pool=ALL_SUBJECTS_BLOCKS;gvs=ANY_GVS,201,Cerebellum_R,Supp_Motor_Area_L,Cerebellum_R--Supp_Motor_Area_L,-0.0496063367208201,0.0496063367208201,0.0024661734319802,0.0001999600079984,Decrement,Between hemispheres
mutual_info_quantile,all_subjects_block_pool,pool=ALL_SUBJECTS_BLOCKS;gvs=ANY_GVS,148,Cerebellum_L,Fusiform_R,Cerebellum_L--Fusiform_R,-0.0501083393576503,0.0501083393576503,0.0024661734319802,0.0001999600079984,Decrement,Between hemispheres
mutual_info_quantile,all_subjects_block_pool,pool=ALL_SUBJECTS_BLOCKS;gvs=ANY_GVS,191,Cerebellum_R,Paracentral_Lobule_L,Cerebellum_R--Paracentral_Lobule_L,-0.0530655169979483,0.0530655169979483,0.0024661734319802,0.0001999600079984,Decrement,Between hemispheres
mutual_info_quantile,all_subjects_block_pool,pool=ALL_SUBJECTS_BLOCKS;gvs=ANY_GVS,282,Frontal_L,Paracentral_Lobule_R,Frontal_L--Paracentral_Lobule_R,-0.0542778940425115,0.0542778940425115,0.0024661734319802,0.0001999600079984,Decrement,Between hemispheres
mutual_info_quantile,all_subjects_block_pool,pool=ALL_SUBJECTS_BLOCKS;gvs=ANY_GVS,16,Amygdala_L,Olfactory_R,Amygdala_L--Olfactory_R,-0.0554426985447779,0.0554426985447779,0.0024661734319802,0.0001999600079984,Decrement,Between hemispheres
mutual_info_quantile,all_subjects_block_pool,pool=ALL_SUBJECTS_BLOCKS;gvs=ANY_GVS,89,Caudate_L,Orbitofrontal_R,Caudate_L--Orbitofrontal_R,-0.0587319695416604,0.0587319695416604,0.0024661734319802,0.0001999600079984,Decrement,Between hemispheres
mutual_info_quantile,all_subjects_block_pool,pool=ALL_SUBJECTS_BLOCKS;gvs=ANY_GVS,417,Hippocampus_R,Precentral_L,Hippocampus_R--Precentral_L,-0.0615293865577121,0.0615293865577121,0.0024661734319802,0.0001999600079984,Decrement,Between hemispheres
mutual_info_quantile,all_subjects_block_pool,pool=ALL_SUBJECTS_BLOCKS;gvs=ANY_GVS,618,Parietal_L,Putamen_R,Parietal_L--Putamen_R,-0.0630765263033986,0.0630765263033986,0.0024661734319802,0.0001999600079984,Decrement,Between hemispheres
mutual_info_quantile,all_subjects_block_pool,pool=ALL_SUBJECTS_BLOCKS;gvs=ANY_GVS,20,Amygdala_L,ParaHippocampal_R,Amygdala_L--ParaHippocampal_R,-0.0654234399413686,0.0654234399413686,0.0024661734319802,0.0001999600079984,Decrement,Between hemispheres
mutual_info_quantile,all_subjects_block_pool,pool=ALL_SUBJECTS_BLOCKS;gvs=ANY_GVS,239,Cingulate_R,Frontal_R,Cingulate_R--Frontal_R,-0.0271193902362577,0.0271193902362577,0.0471596003379969,0.0103979204159168,Decrement,Within hemisphere
mutual_info_quantile,all_subjects_block_pool,pool=ALL_SUBJECTS_BLOCKS;gvs=ANY_GVS,338,Fusiform_L,Parietal_L,Fusiform_L--Parietal_L,-0.0280562338543913,0.0280562338543913,0.0272426134928053,0.00499900019996,Decrement,Within hemisphere
mutual_info_quantile,all_subjects_block_pool,pool=ALL_SUBJECTS_BLOCKS;gvs=ANY_GVS,3,Amygdala_L,Cerebellum_L,Amygdala_L--Cerebellum_L,-0.0280864095300469,0.0280864095300469,0.0468572952076251,0.0101979604079184,Decrement,Within hemisphere
mutual_info_quantile,all_subjects_block_pool,pool=ALL_SUBJECTS_BLOCKS;gvs=ANY_GVS,326,Fusiform_L,Hippocampus_L,Fusiform_L--Hippocampus_L,-0.0281296839647144,0.0281296839647144,0.0404384876449367,0.0083983203359328,Decrement,Within hemisphere
mutual_info_quantile,all_subjects_block_pool,pool=ALL_SUBJECTS_BLOCKS;gvs=ANY_GVS,520,Orbitofrontal_L,Postcentral_L,Orbitofrontal_L--Postcentral_L,-0.0285078241711596,0.0285078241711596,0.0495606007003727,0.010997800439912,Decrement,Within hemisphere
mutual_info_quantile,all_subjects_block_pool,pool=ALL_SUBJECTS_BLOCKS;gvs=ANY_GVS,9,Amygdala_L,Fusiform_L,Amygdala_L--Fusiform_L,-0.0287667797309684,0.0287667797309684,0.0230445714135861,0.003999200159968,Decrement,Within hemisphere
mutual_info_quantile,all_subjects_block_pool,pool=ALL_SUBJECTS_BLOCKS;gvs=ANY_GVS,436,Occipital_L,Parietal_L,Occipital_L--Parietal_L,-0.0294251280407389,0.0294251280407389,0.0468572952076251,0.0101979604079184,Decrement,Within hemisphere
mutual_info_quantile,all_subjects_block_pool,pool=ALL_SUBJECTS_BLOCKS;gvs=ANY_GVS,88,Caudate_L,Orbitofrontal_L,Caudate_L--Orbitofrontal_L,-0.029454402755738,0.029454402755738,0.0298182787684887,0.0055988802239552,Decrement,Within hemisphere
mutual_info_quantile,all_subjects_block_pool,pool=ALL_SUBJECTS_BLOCKS;gvs=ANY_GVS,210,Cingulate_L,Fusiform_L,Cingulate_L--Fusiform_L,-0.0294936071761579,0.0294936071761579,0.0267755972615,0.0047990401919616,Decrement,Within hemisphere
mutual_info_quantile,all_subjects_block_pool,pool=ALL_SUBJECTS_BLOCKS;gvs=ANY_GVS,357,Fusiform_R,Olfactory_R,Fusiform_R--Olfactory_R,-0.0300389739388889,0.0300389739388889,0.0175714857028594,0.0027994401119776,Decrement,Within hemisphere
mutual_info_quantile,all_subjects_block_pool,pool=ALL_SUBJECTS_BLOCKS;gvs=ANY_GVS,539,Orbitofrontal_R,Postcentral_R,Orbitofrontal_R--Postcentral_R,-0.0305659069252663,0.0305659069252663,0.0251429388918964,0.0043991201759648,Decrement,Within hemisphere
mutual_info_quantile,all_subjects_block_pool,pool=ALL_SUBJECTS_BLOCKS;gvs=ANY_GVS,701,Temporal_R,Thalamus_R,Temporal_R--Thalamus_R,-0.0305947561717897,0.0305947561717897,0.0310085041815166,0.005998800239952,Decrement,Within hemisphere
mutual_info_quantile,all_subjects_block_pool,pool=ALL_SUBJECTS_BLOCKS;gvs=ANY_GVS,111,Caudate_R,Cingulate_R,Caudate_R--Cingulate_R,-0.030988460511128,0.030988460511128,0.0210857828434313,0.0035992801439712,Decrement,Within hemisphere
mutual_info_quantile,all_subjects_block_pool,pool=ALL_SUBJECTS_BLOCKS;gvs=ANY_GVS,119,Caudate_R,Occipital_R,Caudate_R--Occipital_R,-0.0310327304986017,0.0310327304986017,0.0397479124864682,0.0081983603279344,Decrement,Within hemisphere
mutual_info_quantile,all_subjects_block_pool,pool=ALL_SUBJECTS_BLOCKS;gvs=ANY_GVS,106,Caudate_L,Thalamus_L,Caudate_L--Thalamus_L,-0.0315089426172522,0.0315089426172522,0.034886453366261,0.0067986402719456,Decrement,Within hemisphere
mutual_info_quantile,all_subjects_block_pool,pool=ALL_SUBJECTS_BLOCKS;gvs=ANY_GVS,504,Olfactory_R,Precentral_R,Olfactory_R--Precentral_R,-0.0317525290655851,0.0317525290655851,0.0115935575771443,0.0015996800639872,Decrement,Within hemisphere
mutual_info_quantile,all_subjects_block_pool,pool=ALL_SUBJECTS_BLOCKS;gvs=ANY_GVS,665,Precentral_L,Thalamus_L,Precentral_L--Thalamus_L,-0.0318933642121948,0.0318933642121948,0.028114377124575,0.0051989602079584,Decrement,Within hemisphere
mutual_info_quantile,all_subjects_block_pool,pool=ALL_SUBJECTS_BLOCKS;gvs=ANY_GVS,574,ParaHippocampal_R,Precentral_R,ParaHippocampal_R--Precentral_R,-0.0321686241400125,0.0321686241400125,0.0175714857028594,0.0027994401119776,Decrement,Within hemisphere
mutual_info_quantile,all_subjects_block_pool,pool=ALL_SUBJECTS_BLOCKS;gvs=ANY_GVS,367,Fusiform_R,Postcentral_R,Fusiform_R--Postcentral_R,-0.0322244561735862,0.0322244561735862,0.0304222737542043,0.0057988402319536,Decrement,Within hemisphere
mutual_info_quantile,all_subjects_block_pool,pool=ALL_SUBJECTS_BLOCKS;gvs=ANY_GVS,530,Orbitofrontal_L,Thalamus_L,Orbitofrontal_L--Thalamus_L,-0.0330261704834784,0.0330261704834784,0.0126514697060587,0.0017996400719856,Decrement,Within hemisphere
mutual_info_quantile,all_subjects_block_pool,pool=ALL_SUBJECTS_BLOCKS;gvs=ANY_GVS,1,Amygdala_L,Caudate_L,Amygdala_L--Caudate_L,-0.0331440268180412,0.0331440268180412,0.0126514697060587,0.0017996400719856,Decrement,Within hemisphere
mutual_info_quantile,all_subjects_block_pool,pool=ALL_SUBJECTS_BLOCKS;gvs=ANY_GVS,145,Cerebellum_L,Frontal_L,Cerebellum_L--Frontal_L,-0.0337494821715059,0.0337494821715059,0.0092684759751346,0.0011997600479904,Decrement,Within hemisphere
mutual_info_quantile,all_subjects_block_pool,pool=ALL_SUBJECTS_BLOCKS;gvs=ANY_GVS,379,Hippocampus_L,Occipital_L,Hippocampus_L--Occipital_L,-0.0338955247707592,0.0338955247707592,0.0092684759751346,0.0011997600479904,Decrement,Within hemisphere
mutual_info_quantile,all_subjects_block_pool,pool=ALL_SUBJECTS_BLOCKS;gvs=ANY_GVS,173,Cerebellum_L,Thalamus_L,Cerebellum_L--Thalamus_L,-0.0345842570628766,0.0345842570628766,0.0167654542485998,0.0025994801039792,Decrement,Within hemisphere
mutual_info_quantile,all_subjects_block_pool,pool=ALL_SUBJECTS_BLOCKS;gvs=ANY_GVS,139,Caudate_R,Temporal_R,Caudate_R--Temporal_R,-0.0350064966352749,0.0350064966352749,0.0126514697060587,0.0017996400719856,Decrement,Within hemisphere
mutual_info_quantile,all_subjects_block_pool,pool=ALL_SUBJECTS_BLOCKS;gvs=ANY_GVS,377,Fusiform_R,Thalamus_R,Fusiform_R--Thalamus_R,-0.0350447330149074,0.0350447330149074,0.005622875424915,0.0005998800239952,Decrement,Within hemisphere
mutual_info_quantile,all_subjects_block_pool,pool=ALL_SUBJECTS_BLOCKS;gvs=ANY_GVS,630,Parietal_R,Putamen_R,Parietal_R--Putamen_R,-0.0351406969059586,0.0351406969059586,0.0085714564404192,0.000999800039992,Decrement,Within hemisphere
mutual_info_quantile,all_subjects_block_pool,pool=ALL_SUBJECTS_BLOCKS;gvs=ANY_GVS,7,Amygdala_L,Frontal_L,Amygdala_L--Frontal_L,-0.0353884516324242,0.0353884516324242,0.014726578493825,0.0021995600879824,Decrement,Within hemisphere
mutual_info_quantile,all_subjects_block_pool,pool=ALL_SUBJECTS_BLOCKS;gvs=ANY_GVS,617,Parietal_L,Putamen_L,Parietal_L--Putamen_L,-0.0359108897009607,0.0359108897009607,0.0156190984025417,0.0023995200959808,Decrement,Within hemisphere
mutual_info_quantile,all_subjects_block_pool,pool=ALL_SUBJECTS_BLOCKS;gvs=ANY_GVS,40,Amygdala_R,Cerebellum_R,Amygdala_R--Cerebellum_R,-0.0385237188138735,0.0385237188138735,0.0024661734319802,0.0001999600079984,Decrement,Within hemisphere
mutual_info_quantile,all_subjects_block_pool,pool=ALL_SUBJECTS_BLOCKS;gvs=ANY_GVS,626,Parietal_R,Postcentral_R,Parietal_R--Postcentral_R,-0.0390785701262753,0.0390785701262753,0.0024661734319802,0.0001999600079984,Decrement,Within hemisphere
mutual_info_quantile,all_subjects_block_pool,pool=ALL_SUBJECTS_BLOCKS;gvs=ANY_GVS,481,Olfactory_L,Postcentral_L,Olfactory_L--Postcentral_L,-0.0394031280175967,0.0394031280175967,0.005622875424915,0.0005998800239952,Decrement,Within hemisphere
mutual_info_quantile,all_subjects_block_pool,pool=ALL_SUBJECTS_BLOCKS;gvs=ANY_GVS,283,Frontal_L,Parietal_L,Frontal_L--Parietal_L,-0.0395751288327223,0.0395751288327223,0.014726578493825,0.0021995600879824,Decrement,Within hemisphere
mutual_info_quantile,all_subjects_block_pool,pool=ALL_SUBJECTS_BLOCKS;gvs=ANY_GVS,159,Cerebellum_L,Paracentral_Lobule_L,Cerebellum_L--Paracentral_Lobule_L,-0.0408563795798671,0.0408563795798671,0.0024661734319802,0.0001999600079984,Decrement,Within hemisphere
mutual_info_quantile,all_subjects_block_pool,pool=ALL_SUBJECTS_BLOCKS;gvs=ANY_GVS,263,Cingulate_R,Supp_Motor_Area_R,Cingulate_R--Supp_Motor_Area_R,-0.040898694358105,0.040898694358105,0.005622875424915,0.0005998800239952,Decrement,Within hemisphere
mutual_info_quantile,all_subjects_block_pool,pool=ALL_SUBJECTS_BLOCKS;gvs=ANY_GVS,451,Occipital_R,Olfactory_R,Occipital_R--Olfactory_R,-0.0414392419222326,0.0414392419222326,0.0092684759751346,0.0011997600479904,Decrement,Within hemisphere
mutual_info_quantile,all_subjects_block_pool,pool=ALL_SUBJECTS_BLOCKS;gvs=ANY_GVS,653,Postcentral_R,Supp_Motor_Area_R,Postcentral_R--Supp_Motor_Area_R,-0.041554921079006,0.041554921079006,0.0043252887883961,0.0003999200159968,Decrement,Within hemisphere
mutual_info_quantile,all_subjects_block_pool,pool=ALL_SUBJECTS_BLOCKS;gvs=ANY_GVS,410,Hippocampus_R,ParaHippocampal_R,Hippocampus_R--ParaHippocampal_R,-0.0424093268223703,0.0424093268223703,0.0024661734319802,0.0001999600079984,Decrement,Within hemisphere
mutual_info_quantile,all_subjects_block_pool,pool=ALL_SUBJECTS_BLOCKS;gvs=ANY_GVS,375,Fusiform_R,Temporal_R,Fusiform_R--Temporal_R,-0.043662877817481,0.043662877817481,0.0024661734319802,0.0001999600079984,Decrement,Within hemisphere
mutual_info_quantile,all_subjects_block_pool,pool=ALL_SUBJECTS_BLOCKS;gvs=ANY_GVS,328,Fusiform_L,Occipital_L,Fusiform_L--Occipital_L,-0.044174322606189,0.044174322606189,0.0024661734319802,0.0001999600079984,Decrement,Within hemisphere
mutual_info_quantile,all_subjects_block_pool,pool=ALL_SUBJECTS_BLOCKS;gvs=ANY_GVS,605,Paracentral_Lobule_R,Putamen_R,Paracentral_Lobule_R--Putamen_R,-0.0450097780954317,0.0450097780954317,0.0024661734319802,0.0001999600079984,Decrement,Within hemisphere
mutual_info_quantile,all_subjects_block_pool,pool=ALL_SUBJECTS_BLOCKS;gvs=ANY_GVS,56,Amygdala_R,ParaHippocampal_R,Amygdala_R--ParaHippocampal_R,-0.0461955903785333,0.0461955903785333,0.0024661734319802,0.0001999600079984,Decrement,Within hemisphere
mutual_info_quantile,all_subjects_block_pool,pool=ALL_SUBJECTS_BLOCKS;gvs=ANY_GVS,496,Olfactory_R,ParaHippocampal_R,Olfactory_R--ParaHippocampal_R,-0.0468821741346448,0.0468821741346448,0.0024661734319802,0.0001999600079984,Decrement,Within hemisphere
mutual_info_quantile,all_subjects_block_pool,pool=ALL_SUBJECTS_BLOCKS;gvs=ANY_GVS,222,Cingulate_L,Paracentral_Lobule_L,Cingulate_L--Paracentral_Lobule_L,-0.0469182755459868,0.0469182755459868,0.0024661734319802,0.0001999600079984,Decrement,Within hemisphere
mutual_info_quantile,all_subjects_block_pool,pool=ALL_SUBJECTS_BLOCKS;gvs=ANY_GVS,461,Occipital_R,Postcentral_R,Occipital_R--Postcentral_R,-0.047358422337966,0.047358422337966,0.0024661734319802,0.0001999600079984,Decrement,Within hemisphere
mutual_info_quantile,all_subjects_block_pool,pool=ALL_SUBJECTS_BLOCKS;gvs=ANY_GVS,243,Cingulate_R,Hippocampus_R,Cingulate_R--Hippocampus_R,-0.0516261442803587,0.0516261442803587,0.0024661734319802,0.0001999600079984,Decrement,Within hemisphere
mutual_info_quantile,all_subjects_block_pool,pool=ALL_SUBJECTS_BLOCKS;gvs=ANY_GVS,512,Olfactory_R,Thalamus_R,Olfactory_R--Thalamus_R,-0.0516728793592725,0.0516728793592725,0.0024661734319802,0.0001999600079984,Decrement,Within hemisphere
mutual_info_quantile,all_subjects_block_pool,pool=ALL_SUBJECTS_BLOCKS;gvs=ANY_GVS,157,Cerebellum_L,ParaHippocampal_L,Cerebellum_L--ParaHippocampal_L,-0.053957008491422,0.053957008491422,0.0024661734319802,0.0001999600079984,Decrement,Within hemisphere
mutual_info_quantile,all_subjects_block_pool,pool=ALL_SUBJECTS_BLOCKS;gvs=ANY_GVS,547,Orbitofrontal_R,Temporal_R,Orbitofrontal_R--Temporal_R,-0.0548234613866056,0.0548234613866056,0.0024661734319802,0.0001999600079984,Decrement,Within hemisphere
mutual_info_quantile,all_subjects_block_pool,pool=ALL_SUBJECTS_BLOCKS;gvs=ANY_GVS,576,ParaHippocampal_R,Putamen_R,ParaHippocampal_R--Putamen_R,-0.0564661697030043,0.0564661697030043,0.0024661734319802,0.0001999600079984,Decrement,Within hemisphere
mutual_info_quantile,all_subjects_block_pool,pool=ALL_SUBJECTS_BLOCKS;gvs=ANY_GVS,76,Caudate_L,Cingulate_L,Caudate_L--Cingulate_L,-0.0592263767935426,0.0592263767935426,0.0024661734319802,0.0001999600079984,Decrement,Within hemisphere
mutual_info_quantile,all_subjects_block_pool,pool=ALL_SUBJECTS_BLOCKS;gvs=ANY_GVS,230,Cingulate_L,Putamen_L,Cingulate_L--Putamen_L,-0.0599800194222369,0.0599800194222369,0.0024661734319802,0.0001999600079984,Decrement,Within hemisphere
mutual_info_quantile,all_subjects_block_pool,pool=ALL_SUBJECTS_BLOCKS;gvs=ANY_GVS,469,Occipital_R,Temporal_R,Occipital_R--Temporal_R,-0.0621289417104209,0.0621289417104209,0.0024661734319802,0.0001999600079984,Decrement,Within hemisphere
mutual_info_quantile,all_subjects_block_pool,pool=ALL_SUBJECTS_BLOCKS;gvs=ANY_GVS,363,Fusiform_R,Paracentral_Lobule_R,Fusiform_R--Paracentral_Lobule_R,-0.0724867713244071,0.0724867713244071,0.0024661734319802,0.0001999600079984,Decrement,Within hemisphere
mutual_info_quantile,all_subjects_block_pool,pool=ALL_SUBJECTS_BLOCKS;gvs=ANY_GVS,236,Cingulate_L,Thalamus_L,Cingulate_L--Thalamus_L,-0.0746166001548208,0.0746166001548208,0.0024661734319802,0.0001999600079984,Decrement,Within hemisphere
mutual_info_quantile,all_subjects_block_pool,pool=ALL_SUBJECTS_BLOCKS;gvs=ANY_GVS,167,Cerebellum_L,Putamen_L,Cerebellum_L--Putamen_L,-0.0821987293913888,0.0821987293913888,0.0024661734319802,0.0001999600079984,Decrement,Within hemisphere
mutual_info_quantile,all_subjects_block_pool,pool=ALL_SUBJECTS_BLOCKS;gvs=ANY_GVS,35,Amygdala_L,Thalamus_L,Amygdala_L--Thalamus_L,-0.0837335502754382,0.0837335502754382,0.0024661734319802,0.0001999600079984,Decrement,Within hemisphere
mutual_info_quantile,all_subjects_block_pool,pool=ALL_SUBJECTS_BLOCKS;gvs=ANY_GVS,0,Amygdala_L,Amygdala_R,Amygdala_L--Amygdala_R,0.0258136415213418,0.0258136415213418,0.0366709266842283,0.0071985602879424,Improved,Between hemispheres
mutual_info_quantile,all_subjects_block_pool,pool=ALL_SUBJECTS_BLOCKS;gvs=ANY_GVS,507,Olfactory_R,Supp_Motor_Area_L,Olfactory_R--Supp_Motor_Area_L,0.0276850547281405,0.0276850547281405,0.0289728313879208,0.0053989202159568,Improved,Between hemispheres
mutual_info_quantile,all_subjects_block_pool,pool=ALL_SUBJECTS_BLOCKS;gvs=ANY_GVS,288,Frontal_L,Precentral_R,Frontal_L--Precentral_R,0.0285856037964562,0.0285856037964562,0.0411196672230179,0.0085982803439312,Improved,Between hemispheres
mutual_info_quantile,all_subjects_block_pool,pool=ALL_SUBJECTS_BLOCKS;gvs=ANY_GVS,673,Precentral_R,Thalamus_L,Precentral_R--Thalamus_L,0.0289333594556721,0.0289333594556721,0.037418415597456,0.0073985202959408,Improved,Between hemispheres
mutual_info_quantile,all_subjects_block_pool,pool=ALL_SUBJECTS_BLOCKS;gvs=ANY_GVS,144,Cerebellum_L,Cingulate_R,Cerebellum_L--Cingulate_R,0.0289742203342267,0.0289742203342267,0.025865226954609,0.0045990801839632,Improved,Between hemispheres
mutual_info_quantile,all_subjects_block_pool,pool=ALL_SUBJECTS_BLOCKS;gvs=ANY_GVS,639,Postcentral_L,Precentral_R,Postcentral_L--Precentral_R,0.0294681459690998,0.0294681459690998,0.0397479124864682,0.0081983603279344,Improved,Between hemispheres
mutual_info_quantile,all_subjects_block_pool,pool=ALL_SUBJECTS_BLOCKS;gvs=ANY_GVS,531,Orbitofrontal_L,Thalamus_R,Orbitofrontal_L--Thalamus_R,0.0300283877883473,0.0300283877883473,0.0175714857028594,0.0027994401119776,Improved,Between hemispheres
mutual_info_quantile,all_subjects_block_pool,pool=ALL_SUBJECTS_BLOCKS;gvs=ANY_GVS,466,Occipital_R,Supp_Motor_Area_L,Occipital_R--Supp_Motor_Area_L,0.0301366106213506,0.0301366106213506,0.0210857828434313,0.0035992801439712,Improved,Between hemispheres
mutual_info_quantile,all_subjects_block_pool,pool=ALL_SUBJECTS_BLOCKS;gvs=ANY_GVS,392,Hippocampus_L,Postcentral_R,Hippocampus_L--Postcentral_R,0.0313522903148842,0.0313522903148842,0.0452849027509934,0.0095980803839232,Improved,Between hemispheres
mutual_info_quantile,all_subjects_block_pool,pool=ALL_SUBJECTS_BLOCKS;gvs=ANY_GVS,684,Putamen_R,Temporal_L,Putamen_R--Temporal_L,0.0314028917198294,0.0314028917198294,0.0103579284143171,0.0013997200559888,Improved,Between hemispheres
mutual_info_quantile,all_subjects_block_pool,pool=ALL_SUBJECTS_BLOCKS;gvs=ANY_GVS,425,Hippocampus_R,Thalamus_L,Hippocampus_R--Thalamus_L,0.0316568641492249,0.0316568641492249,0.0193892256031552,0.0031993601279744,Improved,Between hemispheres
mutual_info_quantile,all_subjects_block_pool,pool=ALL_SUBJECTS_BLOCKS;gvs=ANY_GVS,351,Fusiform_L,Thalamus_R,Fusiform_L--Thalamus_R,0.0320069441440557,0.0320069441440557,0.0272426134928053,0.00499900019996,Improved,Between hemispheres
mutual_info_quantile,all_subjects_block_pool,pool=ALL_SUBJECTS_BLOCKS;gvs=ANY_GVS,505,Olfactory_R,Putamen_L,Olfactory_R--Putamen_L,0.0327687425343428,0.0327687425343428,0.014726578493825,0.0021995600879824,Improved,Between hemispheres
mutual_info_quantile,all_subjects_block_pool,pool=ALL_SUBJECTS_BLOCKS;gvs=ANY_GVS,542,Orbitofrontal_R,Putamen_L,Orbitofrontal_R--Putamen_L,0.0340828609127844,0.0340828609127844,0.0092684759751346,0.0011997600479904,Improved,Between hemispheres
mutual_info_quantile,all_subjects_block_pool,pool=ALL_SUBJECTS_BLOCKS;gvs=ANY_GVS,462,Occipital_R,Precentral_L,Occipital_R--Precentral_L,0.0380057100305487,0.0380057100305487,0.0103579284143171,0.0013997200559888,Improved,Between hemispheres
mutual_info_quantile,all_subjects_block_pool,pool=ALL_SUBJECTS_BLOCKS;gvs=ANY_GVS,309,Frontal_R,Paracentral_Lobule_L,Frontal_R--Paracentral_Lobule_L,0.0385612142405095,0.0385612142405095,0.0072088146473269,0.0007998400319936,Improved,Between hemispheres
mutual_info_quantile,all_subjects_block_pool,pool=ALL_SUBJECTS_BLOCKS;gvs=ANY_GVS,136,Caudate_R,Supp_Motor_Area_L,Caudate_R--Supp_Motor_Area_L,0.0390787352231457,0.0390787352231457,0.0092684759751346,0.0011997600479904,Improved,Between hemispheres
mutual_info_quantile,all_subjects_block_pool,pool=ALL_SUBJECTS_BLOCKS;gvs=ANY_GVS,185,Cerebellum_R,Olfactory_L,Cerebellum_R--Olfactory_L,0.040211842599207,0.040211842599207,0.0024661734319802,0.0001999600079984,Improved,Between hemispheres
mutual_info_quantile,all_subjects_block_pool,pool=ALL_SUBJECTS_BLOCKS;gvs=ANY_GVS,301,Frontal_R,Occipital_L,Frontal_R--Occipital_L,0.040350592429912,0.040350592429912,0.005622875424915,0.0005998800239952,Improved,Between hemispheres
mutual_info_quantile,all_subjects_block_pool,pool=ALL_SUBJECTS_BLOCKS;gvs=ANY_GVS,560,ParaHippocampal_L,Putamen_R,ParaHippocampal_L--Putamen_R,0.0418872348336709,0.0418872348336709,0.0024661734319802,0.0001999600079984,Improved,Between hemispheres
mutual_info_quantile,all_subjects_block_pool,pool=ALL_SUBJECTS_BLOCKS;gvs=ANY_GVS,71,Amygdala_R,Thalamus_L,Amygdala_R--Thalamus_L,0.0434813719481134,0.0434813719481134,0.0024661734319802,0.0001999600079984,Improved,Between hemispheres
mutual_info_quantile,all_subjects_block_pool,pool=ALL_SUBJECTS_BLOCKS;gvs=ANY_GVS,490,Olfactory_L,Temporal_R,Olfactory_L--Temporal_R,0.0435212127798181,0.0435212127798181,0.0024661734319802,0.0001999600079984,Improved,Between hemispheres
mutual_info_quantile,all_subjects_block_pool,pool=ALL_SUBJECTS_BLOCKS;gvs=ANY_GVS,77,Caudate_L,Cingulate_R,Caudate_L--Cingulate_R,0.0456665511950917,0.0456665511950917,0.0043252887883961,0.0003999200159968,Improved,Between hemispheres
mutual_info_quantile,all_subjects_block_pool,pool=ALL_SUBJECTS_BLOCKS;gvs=ANY_GVS,146,Cerebellum_L,Frontal_R,Cerebellum_L--Frontal_R,0.0476578934261132,0.0476578934261132,0.0024661734319802,0.0001999600079984,Improved,Between hemispheres
mutual_info_quantile,all_subjects_block_pool,pool=ALL_SUBJECTS_BLOCKS;gvs=ANY_GVS,435,Occipital_L,Paracentral_Lobule_R,Occipital_L--Paracentral_Lobule_R,0.0504389887405581,0.0504389887405581,0.0024661734319802,0.0001999600079984,Improved,Between hemispheres
mutual_info_quantile,all_subjects_block_pool,pool=ALL_SUBJECTS_BLOCKS;gvs=ANY_GVS,674,Precentral_R,Thalamus_R,Precentral_R--Thalamus_R,0.0271156362478577,0.0271156362478577,0.0310085041815166,0.005998800239952,Improved,Within hemisphere
mutual_info_quantile,all_subjects_block_pool,pool=ALL_SUBJECTS_BLOCKS;gvs=ANY_GVS,609,Paracentral_Lobule_R,Temporal_R,Paracentral_Lobule_R--Temporal_R,0.0289768429502074,0.0289768429502074,0.045616042354443,0.0097980403919216,Improved,Within hemisphere
mutual_info_quantile,all_subjects_block_pool,pool=ALL_SUBJECTS_BLOCKS;gvs=ANY_GVS,361,Fusiform_R,ParaHippocampal_R,Fusiform_R--ParaHippocampal_R,0.0316019099003229,0.0316019099003229,0.0186599848171958,0.002999400119976,Improved,Within hemisphere
mutual_info_quantile,all_subjects_block_pool,pool=ALL_SUBJECTS_BLOCKS;gvs=ANY_GVS,320,Frontal_R,Supp_Motor_Area_R,Frontal_R--Supp_Motor_Area_R,0.0325735166275982,0.0325735166275982,0.0376178285469666,0.0075984803039392,Improved,Within hemisphere
mutual_info_quantile,all_subjects_block_pool,pool=ALL_SUBJECTS_BLOCKS;gvs=ANY_GVS,668,Precentral_R,Putamen_R,Precentral_R--Putamen_R,0.0330006998564449,0.0330006998564449,0.0092684759751346,0.0011997600479904,Improved,Within hemisphere
mutual_info_quantile,all_subjects_block_pool,pool=ALL_SUBJECTS_BLOCKS;gvs=ANY_GVS,74,Caudate_L,Cerebellum_L,Caudate_L--Cerebellum_L,0.0348961073089341,0.0348961073089341,0.014726578493825,0.0021995600879824,Improved,Within hemisphere
mutual_info_quantile,all_subjects_block_pool,pool=ALL_SUBJECTS_BLOCKS;gvs=ANY_GVS,438,Occipital_L,Postcentral_L,Occipital_L--Postcentral_L,0.0354733940137474,0.0354733940137474,0.005622875424915,0.0005998800239952,Improved,Within hemisphere
mutual_info_quantile,all_subjects_block_pool,pool=ALL_SUBJECTS_BLOCKS;gvs=ANY_GVS,304,Frontal_R,Olfactory_R,Frontal_R--Olfactory_R,0.0391887284171196,0.0391887284171196,0.0043252887883961,0.0003999200159968,Improved,Within hemisphere
mutual_info_quantile,all_subjects_block_pool,pool=ALL_SUBJECTS_BLOCKS;gvs=ANY_GVS,29,Amygdala_L,Putamen_L,Amygdala_L--Putamen_L,0.0392839807148386,0.0392839807148386,0.0024661734319802,0.0001999600079984,Improved,Within hemisphere
mutual_info_quantile,all_subjects_block_pool,pool=ALL_SUBJECTS_BLOCKS;gvs=ANY_GVS,224,Cingulate_L,Parietal_L,Cingulate_L--Parietal_L,0.0401398400754449,0.0401398400754449,0.0024661734319802,0.0001999600079984,Improved,Within hemisphere
mutual_info_quantile,all_subjects_block_pool,pool=ALL_SUBJECTS_BLOCKS;gvs=ANY_GVS,15,Amygdala_L,Olfactory_L,Amygdala_L--Olfactory_L,0.0407482535396916,0.0407482535396916,0.0024661734319802,0.0001999600079984,Improved,Within hemisphere
mutual_info_quantile,all_subjects_block_pool,pool=ALL_SUBJECTS_BLOCKS;gvs=ANY_GVS,46,Amygdala_R,Fusiform_R,Amygdala_R--Fusiform_R,0.0440691261291589,0.0440691261291589,0.0024661734319802,0.0001999600079984,Improved,Within hemisphere
mutual_info_quantile,all_subjects_block_pool,pool=ALL_SUBJECTS_BLOCKS;gvs=ANY_GVS,383,Hippocampus_L,Orbitofrontal_L,Hippocampus_L--Orbitofrontal_L,0.0459676126615647,0.0459676126615647,0.0024661734319802,0.0001999600079984,Improved,Within hemisphere
mutual_info_quantile,all_subjects_block_pool,pool=ALL_SUBJECTS_BLOCKS;gvs=ANY_GVS,500,Olfactory_R,Parietal_R,Olfactory_R--Parietal_R,0.0460266887424827,0.0460266887424827,0.0024661734319802,0.0001999600079984,Improved,Within hemisphere
mutual_info_quantile,all_subjects_block_pool,pool=ALL_SUBJECTS_BLOCKS;gvs=ANY_GVS,416,Hippocampus_R,Postcentral_R,Hippocampus_R--Postcentral_R,0.0476948189214172,0.0476948189214172,0.0024661734319802,0.0001999600079984,Improved,Within hemisphere
mutual_info_quantile,all_subjects_block_pool,pool=ALL_SUBJECTS_BLOCKS;gvs=ANY_GVS,38,Amygdala_R,Caudate_R,Amygdala_R--Caudate_R,0.0477082988681705,0.0477082988681705,0.0043252887883961,0.0003999200159968,Improved,Within hemisphere
mutual_info_quantile,all_subjects_block_pool,pool=ALL_SUBJECTS_BLOCKS;gvs=ANY_GVS,636,Parietal_R,Thalamus_R,Parietal_R--Thalamus_R,0.0493333004522041,0.0493333004522041,0.0024661734319802,0.0001999600079984,Improved,Within hemisphere
mutual_info_quantile,all_subjects_block_pool,pool=ALL_SUBJECTS_BLOCKS;gvs=ANY_GVS,502,Olfactory_R,Postcentral_R,Olfactory_R--Postcentral_R,0.0520748789332657,0.0520748789332657,0.0024661734319802,0.0001999600079984,Improved,Within hemisphere
mutual_info_quantile,all_subjects_block_pool,pool=ALL_SUBJECTS_BLOCKS;gvs=ANY_GVS,459,Occipital_R,Parietal_R,Occipital_R--Parietal_R,0.0567991118611844,0.0567991118611844,0.0024661734319802,0.0001999600079984,Improved,Within hemisphere
mutual_info_quantile,all_subjects_block_pool,pool=ALL_SUBJECTS_BLOCKS;gvs=ANY_GVS,676,Putamen_L,Supp_Motor_Area_L,Putamen_L--Supp_Motor_Area_L,0.0619573118457644,0.0619573118457644,0.0024661734319802,0.0001999600079984,Improved,Within hemisphere
mutual_info_quantile,all_subjects_block_pool,pool=ALL_SUBJECTS_BLOCKS;gvs=ANY_GVS,623,Parietal_L,Thalamus_L,Parietal_L--Thalamus_L,0.0711608060342166,0.0711608060342166,0.0024661734319802,0.0001999600079984,Improved,Within hemisphere
